study_hours,attendance_percent,assignments_completed,sleep_hours,daily_internet_usage_hours,performance_class
5.99,95.99,5,7.65,2.22,Excellent
4.72,88.87,10,5.79,3.88,Excellent
6.3,75.89,2,6.29,5.71,Excellent
8.05,65.3,7,5.07,8.24,Excellent
4.53,85.47,2,6.8,5.16,Excellent
4.53,80.9,1,7.27,0.0,Excellent
8.16,88.43,2,3.0,3.92,Excellent
6.53,84.53,10,7.39,4.1,Excellent
4.06,90.74,5,6.93,5.87,Excellent
6.09,66.97,1,5.85,4.37,Excellent
4.07,94.76,7,10.0,6.51,Excellent
4.07,77.96,0,8.44,4.78,Excellent
5.48,100.0,6,5.36,7.12,Excellent
1.17,64.66,1,8.26,3.12,Average
1.55,100.0,9,8.87,4.29,Excellent
3.88,77.97,5,7.2,5.65,Excellent
2.97,65.23,1,7.54,2.86,Good
5.63,67.74,1,7.51,2.42,Excellent
3.18,70.19,9,3.87,2.74,Excellent
2.18,81.36,7,6.72,2.5,Excellent
7.93,82.84,1,6.64,5.05,Excellent
4.55,66.39,6,9.15,0.33,Excellent
5.14,74.63,2,7.5,0.89,Excellent
2.15,100.0,7,6.55,7.73,Excellent
3.91,100.0,6,6.86,2.55,Excellent
5.22,81.54,7,8.54,4.4,Excellent
2.7,75.57,6,6.72,1.02,Excellent
5.75,76.8,10,5.95,4.19,Excellent
3.8,84.2,5,6.59,2.56,Excellent
4.42,59.66,6,8.41,0.87,Excellent
3.8,71.14,4,7.74,6.67,Excellent
8.7,49.97,6,7.07,6.37,Excellent
4.97,80.99,0,7.29,3.79,Excellent
2.88,84.71,0,6.16,6.0,Good
6.65,67.75,8,6.71,7.81,Excellent
2.56,98.61,4,6.01,5.51,Excellent
5.42,56.61,4,6.56,4.96,Excellent
1.08,53.03,2,9.02,4.4,Average
2.34,78.37,4,5.38,5.3,Good
5.39,90.71,2,5.97,3.27,Excellent
6.48,100.0,8,5.12,3.45,Excellent
5.34,68.12,8,4.79,4.9,Excellent
4.77,91.18,5,6.72,3.05,Excellent
4.4,74.42,0,6.07,3.27,Good
2.04,72.41,6,9.64,4.0,Excellent
3.56,88.25,6,6.58,6.3,Excellent
4.08,84.78,9,8.93,1.73,Excellent
7.11,51.35,9,8.45,5.52,Excellent
5.69,97.15,3,6.69,5.58,Excellent
1.47,95.7,7,10.0,5.57,Excellent
5.65,65.62,5,7.4,2.39,Excellent
4.23,80.94,3,9.27,0.61,Excellent
3.65,82.41,3,9.09,5.12,Excellent
6.22,78.91,1,7.62,4.38,Excellent
7.06,66.75,1,8.13,6.01,Excellent
6.86,64.93,3,7.94,2.6,Excellent
3.32,74.62,4,5.28,5.52,Good
4.38,92.59,7,7.09,6.11,Excellent
5.66,83.15,5,8.61,3.81,Excellent
6.95,69.44,3,9.29,4.83,Excellent
4.04,86.58,10,5.92,4.76,Excellent
4.63,32.27,6,7.79,2.36,Excellent
2.79,92.23,7,7.23,5.06,Excellent
2.61,48.9,1,6.82,7.24,Average
6.63,69.56,6,7.53,4.04,Excellent
7.71,58.2,1,7.33,1.08,Excellent
4.86,55.58,1,7.81,2.63,Excellent
7.01,92.41,7,9.16,0.44,Excellent
5.72,67.98,1,8.18,6.58,Excellent
3.71,80.2,10,7.47,5.53,Excellent
5.72,74.3,8,9.8,3.0,Excellent
8.08,82.16,0,8.66,1.16,Excellent
4.93,76.15,8,6.86,2.33,Excellent
8.13,55.76,0,5.17,2.72,Excellent
0.0,89.94,9,5.52,4.22,Good
6.64,67.59,9,8.4,4.15,Excellent
5.17,51.65,1,6.05,6.68,Good
4.4,68.58,5,5.49,2.61,Excellent
5.18,97.51,5,5.86,0.98,Excellent
1.02,87.75,0,5.97,1.69,Average
4.56,69.77,6,8.28,3.95,Excellent
5.71,69.76,7,6.76,2.54,Excellent
7.96,70.18,1,4.94,3.42,Excellent
3.96,100.0,7,7.05,3.09,Excellent
3.38,80.73,8,7.33,5.98,Excellent
4.0,81.45,5,6.28,2.83,Excellent
6.83,90.45,4,8.73,3.25,Excellent
5.66,78.58,8,6.37,5.43,Excellent
3.94,71.11,10,8.66,2.87,Excellent
6.03,72.05,8,7.9,4.85,Excellent
5.19,73.93,0,8.39,4.66,Excellent
6.94,74.44,10,5.35,4.28,Excellent
3.6,85.91,2,7.15,1.73,Excellent
4.34,75.78,8,6.92,6.46,Excellent
4.22,85.99,10,4.87,8.44,Excellent
2.07,73.79,1,8.66,4.02,Good
5.59,76.18,3,5.77,1.91,Excellent
5.52,45.03,3,6.09,4.06,Excellent
5.01,88.74,1,5.48,5.98,Excellent
4.53,80.2,2,8.05,2.77,Excellent
2.17,89.97,2,4.71,3.74,Good
4.16,31.56,0,7.93,4.68,Average
4.31,100.0,5,8.57,6.41,Excellent
3.4,72.91,7,7.81,5.55,Excellent
4.68,91.62,2,8.07,5.63,Excellent
5.81,59.4,4,8.14,3.15,Excellent
8.77,84.19,0,5.58,4.8,Excellent
5.35,59.2,9,9.15,2.56,Excellent
5.52,65.64,6,6.31,5.69,Excellent
4.85,100.0,9,6.9,6.3,Excellent
1.16,72.14,0,6.5,5.11,Average
4.95,78.26,10,7.74,3.27,Excellent
5.12,88.05,8,6.19,3.59,Excellent
9.93,82.44,7,7.1,7.61,Excellent
4.62,77.26,6,5.15,3.3,Excellent
5.6,80.47,9,8.75,6.1,Excellent
4.93,100.0,6,8.01,4.68,Excellent
2.66,74.14,4,6.56,3.33,Good
7.29,78.02,4,6.3,1.31,Excellent
6.5,90.76,10,7.97,4.42,Excellent
6.58,91.58,4,5.94,4.18,Excellent
3.18,92.81,0,7.19,7.61,Good
7.81,84.58,7,8.74,2.28,Excellent
2.2,57.85,10,5.78,8.59,Good
6.17,99.5,0,7.55,4.76,Excellent
9.38,57.8,3,7.47,4.76,Excellent
3.02,79.54,8,6.85,2.81,Excellent
3.87,63.69,8,6.24,4.63,Excellent
5.2,74.04,4,8.82,4.95,Excellent
3.99,79.93,3,6.1,5.87,Excellent
1.9,79.82,2,4.28,2.04,Good
5.14,81.33,2,7.96,6.81,Excellent
2.88,99.21,4,5.2,4.72,Excellent
5.95,81.8,9,8.04,5.22,Excellent
3.16,71.34,0,9.0,3.56,Good
8.1,89.46,4,7.94,2.14,Excellent
3.43,92.84,5,8.61,4.15,Excellent
4.36,56.59,6,10.0,4.37,Excellent
6.63,83.96,8,8.45,1.23,Excellent
2.54,85.52,2,7.5,5.59,Good
5.45,70.54,1,9.45,5.99,Excellent
7.61,95.64,2,9.63,2.54,Excellent
1.79,72.75,8,9.65,1.95,Excellent
5.37,76.88,6,6.26,3.39,Excellent
5.52,72.4,8,4.97,4.05,Excellent
6.56,75.23,1,6.17,3.47,Excellent
2.53,58.56,4,8.06,3.88,Good
2.36,53.4,3,7.24,4.44,Good
6.04,98.92,1,6.69,1.26,Excellent
5.59,62.3,8,7.84,1.49,Excellent
5.5,60.13,8,4.79,0.0,Excellent
5.69,42.7,5,7.21,5.89,Excellent
3.64,65.42,10,8.68,4.03,Excellent
5.46,55.15,5,7.82,6.1,Excellent
5.59,99.63,7,8.04,1.72,Excellent
3.57,90.15,5,9.4,4.05,Excellent
8.73,64.68,0,6.9,4.43,Excellent
5.95,100.0,3,6.02,2.88,Excellent
2.62,89.73,6,8.78,0.89,Excellent
6.31,70.13,1,8.76,7.49,Excellent
3.05,37.51,8,7.84,6.8,Good
6.57,100.0,7,6.76,3.24,Excellent
7.32,54.16,7,7.0,5.02,Excellent
3.36,50.32,6,5.08,3.03,Good
6.93,90.34,3,8.67,2.01,Excellent
5.83,100.0,1,8.62,7.65,Excellent
6.64,95.76,2,5.03,0.69,Excellent
8.79,83.46,5,8.3,3.43,Excellent
4.51,83.92,4,7.61,4.17,Excellent
3.49,87.8,7,5.47,7.3,Excellent
3.22,86.38,5,5.19,5.79,Excellent
3.37,79.22,5,7.56,0.66,Excellent
4.85,76.56,0,6.4,3.99,Excellent
5.68,74.06,3,9.73,4.04,Excellent
5.55,63.69,4,8.43,3.54,Excellent
6.65,70.79,10,7.71,5.24,Excellent
5.03,49.61,2,7.78,1.18,Excellent
7.91,73.52,8,9.0,3.18,Excellent
4.47,60.17,0,8.27,4.96,Good
10.44,58.45,5,7.75,5.36,Excellent
6.25,77.7,5,5.53,4.3,Excellent
3.29,95.88,9,10.0,3.42,Excellent
2.86,88.77,4,5.35,3.76,Excellent
5.96,51.44,4,6.53,5.48,Excellent
4.55,60.16,9,4.52,4.07,Excellent
6.43,89.11,4,7.81,1.92,Excellent
5.95,60.26,5,7.23,1.53,Excellent
4.85,71.63,7,8.15,1.02,Excellent
3.31,83.25,1,4.39,6.91,Good
1.97,60.47,5,8.67,5.61,Good
4.11,76.58,0,5.79,3.79,Good
6.71,54.99,3,6.78,3.09,Excellent
5.43,65.98,9,8.4,2.85,Excellent
2.51,79.8,2,7.39,6.19,Good
5.35,51.11,8,7.5,7.81,Excellent
5.77,81.61,2,8.2,2.79,Excellent
3.23,74.71,5,7.64,6.28,Excellent
5.31,83.29,0,6.49,4.06,Excellent
5.12,78.36,5,6.75,3.58,Excellent
2.71,95.46,3,7.32,7.01,Good
5.72,76.88,7,5.66,3.98,Excellent
6.12,68.56,10,8.49,4.59,Excellent
7.17,76.83,8,7.43,4.5,Excellent
7.11,83.15,3,7.11,0.75,Excellent
2.24,75.73,9,8.79,4.58,Excellent
3.12,75.61,9,6.82,2.87,Excellent
6.03,64.47,5,6.73,1.16,Excellent
6.03,65.06,0,6.27,2.97,Excellent
6.03,53.96,3,7.51,2.95,Excellent
12.0,100.0,6,7.46,6.06,Excellent
6.14,56.34,0,6.0,1.87,Excellent
7.27,64.61,7,6.73,2.42,Excellent
6.91,64.22,9,6.01,4.47,Excellent
6.3,88.42,10,5.94,1.35,Excellent
4.37,70.58,5,4.41,2.68,Excellent
6.52,93.72,4,6.65,0.67,Excellent
3.45,64.9,9,4.45,5.84,Excellent
4.53,79.18,10,6.31,3.4,Excellent
4.03,62.47,8,6.08,3.97,Excellent
5.16,100.0,1,8.58,5.83,Excellent
9.63,57.19,4,5.48,2.56,Excellent
1.27,79.65,5,5.86,3.38,Good
6.37,84.51,6,6.43,1.89,Excellent
1.77,81.21,4,6.13,1.88,Good
4.06,72.22,8,9.05,2.16,Excellent
7.18,73.05,0,5.29,3.02,Excellent
5.13,75.66,6,6.43,3.23,Excellent
2.84,72.79,9,7.5,4.58,Excellent
3.57,89.46,6,8.32,2.22,Excellent
6.36,100.0,3,6.43,4.64,Excellent
3.54,66.64,8,4.12,4.97,Excellent
5.43,54.45,10,6.77,3.06,Excellent
5.09,73.68,4,9.03,2.39,Excellent
3.7,100.0,3,7.42,4.17,Excellent
9.29,62.94,6,7.35,3.59,Excellent
6.27,99.59,3,5.41,4.44,Excellent
0.95,100.0,2,5.25,7.14,Average
5.37,66.7,8,7.03,4.14,Excellent
3.68,83.53,10,4.86,2.72,Excellent
6.7,99.43,7,8.17,2.22,Excellent
3.41,69.31,0,5.73,2.3,Good
4.77,71.95,6,6.96,1.07,Excellent
6.01,66.27,8,4.17,5.87,Excellent
6.73,59.78,7,6.41,0.0,Excellent
2.6,65.26,7,5.22,4.98,Good
4.33,56.64,5,3.52,2.26,Excellent
4.05,75.51,10,7.81,2.98,Excellent
3.69,63.45,3,9.46,2.2,Excellent
8.53,78.51,7,8.69,6.89,Excellent
5.81,51.66,2,8.02,4.03,Excellent
2.48,79.96,8,6.38,5.58,Excellent
6.84,87.5,1,8.21,6.6,Excellent
9.24,45.09,1,8.84,4.33,Excellent
7.06,80.61,6,7.21,1.61,Excellent
1.96,93.42,9,5.22,3.56,Excellent
4.03,56.86,3,6.25,2.52,Good
7.53,100.0,9,9.55,2.99,Excellent
3.58,81.29,7,6.89,3.81,Excellent
5.89,64.42,8,3.0,3.73,Excellent
6.55,74.16,6,4.8,4.82,Excellent
3.15,83.37,4,6.36,5.11,Excellent
4.88,76.14,7,8.55,3.73,Excellent
0.0,83.08,3,6.59,4.81,Average
2.95,61.19,1,8.58,2.9,Good
4.49,77.54,10,6.21,6.63,Excellent
2.5,53.79,5,4.05,2.87,Good
8.26,73.33,8,6.26,6.39,Excellent
2.14,61.44,0,7.52,1.05,Average
4.12,63.97,10,7.39,3.24,Excellent
5.26,93.54,9,5.12,3.34,Excellent
7.88,91.37,6,6.47,4.56,Excellent
2.13,84.14,9,10.0,5.72,Excellent
7.33,58.62,8,5.15,1.5,Excellent
5.02,70.25,9,7.99,1.78,Excellent
3.04,93.2,8,3.85,1.2,Excellent
5.92,77.13,9,8.3,6.64,Excellent
5.4,100.0,10,5.66,4.6,Excellent
3.8,80.9,2,7.6,1.83,Excellent
5.14,77.88,10,5.06,3.11,Excellent
4.23,70.36,4,7.44,6.36,Excellent
5.23,77.0,7,5.64,3.44,Excellent
6.32,72.71,7,5.93,3.33,Excellent
8.17,85.62,3,7.66,2.44,Excellent
2.52,89.35,10,6.35,1.95,Excellent
9.27,63.21,10,7.57,6.37,Excellent
1.1,55.03,0,6.71,7.35,Poor
4.7,47.46,0,7.1,2.03,Good
6.18,82.62,3,7.67,6.81,Excellent
5.56,58.45,5,6.47,3.03,Excellent
3.75,42.71,7,5.51,5.07,Good
4.58,80.83,5,6.2,6.82,Excellent
4.01,100.0,8,8.79,3.71,Excellent
3.82,74.91,8,7.17,3.34,Excellent
6.7,87.58,1,5.73,5.6,Excellent
5.71,76.23,9,7.6,1.78,Excellent
3.61,73.52,0,7.7,6.29,Good
6.8,88.79,1,7.78,4.29,Excellent
5.61,70.65,4,5.53,2.84,Excellent
6.63,79.01,3,5.98,2.79,Excellent
6.26,79.83,3,5.98,1.23,Excellent
3.34,64.98,8,6.46,2.93,Excellent
3.88,89.88,10,7.81,3.47,Excellent
6.49,72.38,7,7.44,1.88,Excellent
6.22,63.66,5,7.56,3.91,Excellent
4.96,83.05,0,9.03,4.95,Excellent
5.23,61.52,1,8.03,3.57,Excellent
7.56,75.42,5,6.79,5.33,Excellent
3.82,74.86,10,5.22,2.39,Excellent
6.09,91.29,1,5.93,6.01,Excellent
4.6,82.12,9,6.61,4.24,Excellent
4.56,74.62,4,8.24,7.09,Excellent
7.2,87.27,4,6.96,8.83,Excellent
6.65,95.85,5,6.02,3.06,Excellent
6.63,83.37,5,5.9,3.14,Excellent
7.61,75.16,5,6.9,3.51,Excellent
5.04,55.32,1,8.33,5.19,Excellent
6.36,59.02,9,9.39,6.65,Excellent
4.38,70.42,2,6.69,2.69,Excellent
5.65,65.86,5,6.93,4.76,Excellent
4.74,72.2,7,5.18,3.73,Excellent
5.19,75.85,10,9.91,5.24,Excellent
6.19,82.95,0,4.9,7.02,Excellent
3.36,73.94,0,8.76,3.52,Good
9.18,82.3,10,6.45,0.66,Excellent
2.99,75.97,1,6.1,5.49,Good
2.57,45.37,10,5.33,2.33,Excellent
7.32,60.91,5,10.0,3.71,Excellent
6.58,72.84,8,7.33,5.57,Excellent
6.25,56.85,3,7.03,4.59,Excellent
6.26,84.0,2,8.33,3.8,Excellent
4.98,97.96,7,6.02,2.85,Excellent
3.21,93.28,10,7.0,0.0,Excellent
5.15,71.8,9,7.08,5.4,Excellent
3.65,97.36,8,6.23,3.49,Excellent
6.95,77.23,10,8.8,7.03,Excellent
4.71,69.94,4,6.67,4.8,Excellent
3.35,65.8,8,4.67,2.92,Excellent
4.36,70.46,1,6.55,6.13,Good
5.83,69.18,2,7.37,6.3,Excellent
3.87,77.56,6,5.66,3.56,Excellent
3.36,77.41,6,5.78,6.39,Excellent
5.49,75.05,5,6.18,2.89,Excellent
5.49,81.55,5,8.83,4.32,Excellent
3.99,92.86,1,6.27,5.14,Excellent
4.06,89.24,9,9.14,5.57,Excellent
5.46,52.73,5,6.08,5.24,Excellent
2.1,36.69,3,7.49,3.33,Average
2.19,89.01,2,6.33,6.19,Good
3.56,54.5,10,8.13,3.75,Excellent
4.57,71.63,1,5.32,2.86,Excellent
5.62,57.45,0,8.11,2.89,Excellent
7.95,47.97,10,7.17,7.88,Excellent
6.72,83.12,10,6.04,2.52,Excellent
4.68,86.39,4,6.75,6.58,Excellent
4.96,66.35,1,9.3,1.73,Excellent
2.99,36.13,1,7.21,4.98,Average
4.96,66.81,6,5.95,4.59,Excellent
4.42,80.88,7,5.19,7.24,Excellent
5.65,52.82,9,7.76,2.69,Excellent
3.35,77.75,7,7.29,2.14,Excellent
6.04,74.77,3,8.04,3.77,Excellent
8.07,83.69,0,4.81,7.33,Excellent
4.78,76.79,10,5.24,2.23,Excellent
5.8,60.4,6,8.72,0.0,Excellent
6.38,92.95,0,7.5,4.12,Excellent
4.2,72.62,10,7.8,5.9,Excellent
5.45,74.59,3,5.56,1.97,Excellent
5.03,61.0,7,5.53,5.7,Excellent
5.2,68.35,1,8.49,1.93,Excellent
3.45,61.73,5,8.56,3.71,Excellent
5.05,72.41,5,5.37,5.51,Excellent
6.0,100.0,8,5.08,1.63,Excellent
7.9,54.42,4,6.84,4.36,Excellent
6.92,50.8,9,5.8,6.43,Excellent
9.31,97.07,3,5.77,4.95,Excellent
3.47,71.86,4,5.12,2.56,Excellent
6.74,64.96,9,6.3,7.04,Excellent
5.37,90.6,10,5.27,5.32,Excellent
9.38,65.92,4,5.36,0.28,Excellent
3.38,100.0,7,7.45,5.73,Excellent
3.32,85.17,9,6.92,2.86,Excellent
3.8,67.68,7,7.73,4.39,Excellent
0.75,100.0,1,4.53,6.02,Average
3.95,65.91,6,7.01,2.9,Excellent
3.48,86.13,7,10.0,0.71,Excellent
5.3,79.49,10,6.44,7.01,Excellent
5.68,94.53,5,8.24,6.33,Excellent
8.75,98.42,4,8.22,3.83,Excellent
6.9,75.48,10,8.3,5.71,Excellent
3.85,63.7,8,7.25,3.26,Excellent
3.2,81.9,2,7.85,4.19,Excellent
5.98,64.83,9,8.05,3.71,Excellent
2.36,100.0,3,7.95,3.34,Excellent
8.66,77.05,8,5.32,4.72,Excellent
7.36,69.52,5,4.44,1.58,Excellent
4.06,77.77,7,4.67,3.5,Excellent
1.57,54.79,6,6.59,4.63,Good
7.71,60.43,10,7.89,7.68,Excellent
4.77,93.01,1,5.34,1.66,Excellent
7.48,65.15,2,8.39,5.04,Excellent
1.81,59.3,0,6.25,5.26,Average
3.8,83.05,8,6.26,0.25,Excellent
5.01,92.79,6,5.75,4.82,Excellent
5.09,85.78,0,4.17,5.76,Good
4.1,89.94,2,7.34,5.18,Excellent
6.25,63.65,3,9.57,3.83,Excellent
2.86,53.67,3,6.91,4.67,Good
4.72,97.52,4,4.22,4.34,Excellent
5.24,70.16,2,8.17,0.62,Excellent
6.03,71.24,2,4.56,4.39,Excellent
6.42,94.92,0,5.19,3.27,Excellent
2.75,83.34,6,6.64,2.59,Excellent
1.93,81.84,10,7.18,8.97,Excellent
7.56,100.0,9,5.49,6.51,Excellent
5.66,65.35,0,6.58,1.7,Excellent
3.5,88.92,1,8.07,4.69,Excellent
8.1,75.86,3,8.28,6.92,Excellent
5.23,79.03,3,8.88,1.01,Excellent
7.36,97.93,4,9.86,4.15,Excellent
5.14,82.62,10,8.21,4.25,Excellent
9.12,83.07,1,6.67,1.45,Excellent
8.51,91.09,3,8.29,4.76,Excellent
4.5,69.53,0,7.7,6.23,Good
6.94,62.41,1,7.76,7.02,Excellent
6.29,59.33,0,7.27,3.5,Excellent
7.74,45.5,9,5.63,9.0,Excellent
3.07,100.0,9,5.46,0.0,Excellent
6.37,58.45,3,6.85,4.71,Excellent
7.12,71.68,3,7.22,1.18,Excellent
1.48,70.85,6,5.98,4.18,Good
2.63,79.61,9,7.64,2.96,Excellent
0.92,87.24,10,10.0,5.01,Excellent
4.46,87.91,10,4.38,3.75,Excellent
6.44,66.25,8,7.87,2.35,Excellent
8.0,72.49,8,6.9,2.48,Excellent
5.15,79.24,4,7.68,7.86,Excellent
8.26,71.27,9,6.35,4.89,Excellent
2.24,99.11,0,6.78,0.6,Good
1.59,82.36,0,7.19,5.1,Average
4.89,86.02,5,6.55,3.61,Excellent
5.77,84.94,1,4.72,4.01,Excellent
4.93,92.6,7,6.65,5.64,Excellent
0.87,77.72,8,4.88,6.37,Good
4.82,55.55,3,7.98,2.28,Excellent
2.39,81.0,4,4.2,3.94,Good
6.34,65.23,10,8.54,2.91,Excellent
5.73,67.07,7,7.64,5.19,Excellent
3.12,83.8,2,7.65,3.54,Excellent
3.97,93.57,4,3.75,4.06,Excellent
2.88,75.32,2,6.51,3.46,Good
4.87,79.63,9,8.73,3.79,Excellent
6.91,100.0,2,6.22,7.41,Excellent
3.03,78.61,2,5.38,8.78,Good
6.01,100.0,6,6.04,4.75,Excellent
3.94,83.48,6,6.9,3.8,Excellent
3.41,48.59,6,5.72,0.81,Excellent
4.79,86.3,9,8.85,2.48,Excellent
2.93,80.72,7,6.9,3.75,Excellent
3.89,94.35,4,6.17,2.57,Excellent
2.6,85.1,4,5.05,2.78,Good
8.93,72.92,3,7.73,7.15,Excellent
5.07,56.64,6,7.69,4.06,Excellent
3.6,71.86,9,5.81,4.24,Excellent
5.43,62.24,3,3.65,2.65,Excellent
4.78,66.29,1,7.62,6.36,Excellent
4.56,83.83,3,6.72,3.57,Excellent
6.23,100.0,7,7.5,2.96,Excellent
6.52,80.92,8,9.94,0.84,Excellent
3.94,57.06,2,6.96,3.88,Good
3.85,81.67,6,6.23,2.9,Excellent
4.45,92.95,8,5.28,7.37,Excellent
0.4,65.85,10,6.53,7.69,Good
1.97,72.99,3,7.24,1.53,Good
7.73,75.22,9,7.08,1.76,Excellent
8.29,63.23,2,9.59,3.45,Excellent
4.5,84.72,4,7.75,2.37,Excellent
6.15,73.19,0,6.8,4.43,Excellent
5.62,81.29,2,5.94,3.35,Excellent
11.16,61.69,7,7.4,4.56,Excellent
7.24,68.44,10,5.64,6.03,Excellent
4.74,85.84,7,7.27,1.87,Excellent
3.09,69.41,3,7.73,5.99,Good
1.79,100.0,1,6.68,2.54,Good
5.41,69.01,7,6.05,8.3,Excellent
3.49,78.37,7,3.72,7.24,Excellent
2.16,88.99,9,8.72,3.77,Excellent
3.71,53.72,3,7.6,2.07,Good
2.84,48.59,2,7.64,1.69,Good
8.37,52.12,1,4.66,5.75,Excellent
6.76,93.94,8,9.07,3.94,Excellent
4.98,66.72,0,6.3,5.85,Good
7.96,100.0,6,6.57,8.41,Excellent
5.15,66.54,4,5.4,2.46,Excellent
3.28,77.77,7,4.32,1.54,Excellent
8.05,98.13,3,8.74,4.39,Excellent
6.08,100.0,6,8.93,6.29,Excellent
2.93,100.0,4,6.75,2.12,Excellent
4.62,93.13,4,5.98,4.07,Excellent
3.25,90.36,8,6.43,6.74,Excellent
2.23,83.89,8,6.48,0.73,Excellent
6.85,86.68,8,5.2,4.47,Excellent
8.82,66.73,5,6.56,2.92,Excellent
2.2,62.73,5,7.23,4.25,Good
6.13,74.95,4,8.53,5.42,Excellent
3.7,72.45,8,7.02,4.44,Excellent
4.03,68.2,9,4.64,1.98,Excellent
3.82,85.45,7,7.53,3.0,Excellent
3.27,89.33,6,6.62,6.85,Excellent
5.1,76.33,6,9.06,4.66,Excellent
3.34,97.16,5,9.14,5.68,Excellent
5.54,57.87,4,9.2,4.5,Excellent
4.9,72.1,3,6.16,5.62,Excellent
4.52,64.25,2,9.98,3.21,Excellent
3.18,47.0,2,7.53,2.46,Good
3.85,73.76,5,9.44,5.53,Excellent
6.51,73.17,3,6.25,6.25,Excellent
6.0,97.7,5,6.55,2.17,Excellent
3.04,84.46,2,7.41,2.85,Excellent
5.2,59.64,3,7.23,3.67,Excellent
6.5,100.0,8,8.88,7.24,Excellent
1.66,93.32,4,6.65,5.13,Good
6.09,83.73,6,8.75,1.35,Excellent
3.67,71.6,9,8.1,3.81,Excellent
6.14,60.61,1,6.68,3.51,Excellent
3.47,69.42,4,7.98,1.65,Excellent
1.39,91.33,8,6.29,3.79,Excellent
1.74,100.0,10,10.0,3.42,Excellent
5.1,98.15,2,3.0,3.28,Excellent
5.52,67.67,8,8.01,3.19,Excellent
3.19,58.21,10,4.35,6.94,Excellent
6.28,77.11,5,6.66,3.27,Excellent
1.68,48.47,3,6.87,4.1,Average
4.87,79.85,6,9.26,3.88,Excellent
2.58,72.79,7,5.96,2.99,Excellent
3.7,68.01,5,8.96,4.16,Excellent
5.09,51.08,4,5.23,4.13,Excellent
3.28,82.7,5,9.02,4.16,Excellent
4.23,67.01,4,6.29,2.28,Excellent
7.01,57.45,7,7.11,3.59,Excellent
3.85,31.92,0,6.5,5.52,Average
6.67,74.59,10,8.92,3.64,Excellent
2.74,100.0,6,8.63,4.32,Excellent
6.06,99.92,9,7.67,4.33,Excellent
7.88,68.14,9,5.27,4.83,Excellent
0.06,65.97,10,5.93,5.12,Good
3.41,82.03,1,5.46,3.65,Good
6.15,60.02,8,3.63,2.18,Excellent
4.59,79.53,0,8.89,1.56,Excellent
5.74,86.49,10,6.51,6.04,Excellent
3.79,93.4,9,6.49,5.54,Excellent
5.17,73.5,5,9.24,5.3,Excellent
4.69,71.94,8,6.29,5.62,Excellent
7.34,61.83,0,5.74,3.68,Excellent
5.51,62.6,3,6.66,2.75,Excellent
5.68,71.6,3,5.3,2.04,Excellent
4.18,80.51,8,7.52,1.82,Excellent
4.02,88.7,10,6.44,6.42,Excellent
4.13,62.95,4,6.24,3.01,Excellent
5.79,97.39,4,6.11,6.11,Excellent
4.16,70.93,5,6.84,3.63,Excellent
5.58,74.68,0,7.13,2.65,Excellent
9.15,63.79,0,6.22,1.81,Excellent
6.74,38.64,8,6.46,2.82,Excellent
4.35,88.26,2,6.88,6.84,Excellent
7.4,86.05,3,6.73,1.83,Excellent
4.18,70.78,0,7.05,8.23,Good
0.92,76.0,8,5.98,2.32,Good
2.98,82.74,7,8.51,5.5,Excellent
1.26,51.56,1,7.15,3.71,Average
4.3,67.06,7,6.24,3.36,Excellent
5.04,86.91,6,7.52,1.46,Excellent
8.35,56.19,10,6.89,3.8,Excellent
5.65,79.4,5,4.4,1.68,Excellent
4.56,54.65,0,7.51,0.64,Good
6.66,82.0,6,5.47,4.24,Excellent
0.58,74.47,9,8.4,2.73,Excellent
5.47,50.77,6,6.64,7.37,Excellent
6.54,92.47,8,8.17,6.0,Excellent
2.04,63.98,0,6.05,7.39,Average
7.29,62.85,1,7.1,2.64,Excellent
5.68,78.01,10,8.82,4.27,Excellent
4.17,92.23,8,6.6,0.0,Excellent
6.27,59.76,8,6.11,3.44,Excellent
9.54,75.93,5,7.98,4.2,Excellent
5.36,81.43,5,7.95,4.31,Excellent
5.5,85.4,3,6.18,3.92,Excellent
4.08,77.65,3,4.02,4.13,Excellent
3.3,69.49,4,6.08,0.0,Excellent
6.66,62.59,2,8.02,4.51,Excellent
3.29,76.29,0,5.84,4.97,Good
5.14,58.92,0,6.98,6.68,Good
4.04,31.18,6,6.01,4.74,Good
5.96,81.55,0,4.1,3.74,Excellent
5.67,88.56,0,5.99,6.21,Excellent
7.08,39.56,2,8.01,0.0,Excellent
3.98,59.85,9,3.44,2.97,Excellent
4.46,84.29,3,7.38,2.47,Excellent
3.04,100.0,3,5.22,3.93,Excellent
4.11,75.31,1,7.91,0.0,Excellent
5.75,64.08,0,8.07,6.64,Excellent
6.51,72.26,2,6.74,3.5,Excellent
3.16,95.62,10,6.75,4.64,Excellent
6.74,65.31,3,5.79,4.45,Excellent
7.71,63.01,2,4.98,6.52,Excellent
5.83,67.76,7,9.55,0.28,Excellent
8.75,60.7,9,5.7,4.22,Excellent
3.45,76.84,0,9.35,6.29,Good
2.51,99.37,1,5.71,3.8,Good
1.44,79.85,6,7.79,2.1,Excellent
7.99,71.21,3,5.29,2.79,Excellent
6.31,70.62,7,7.79,3.21,Excellent
4.89,51.55,10,6.51,2.56,Excellent
5.56,88.25,2,6.53,3.69,Excellent
2.75,73.83,5,7.92,7.02,Good
9.89,72.29,8,6.3,2.81,Excellent
5.26,100.0,0,4.86,3.02,Excellent
5.22,79.48,0,8.14,4.92,Excellent
6.45,63.72,7,5.28,3.65,Excellent
5.96,68.6,2,7.77,1.34,Excellent
5.45,92.23,4,8.46,3.88,Excellent
3.42,76.7,0,6.44,3.8,Good
5.94,53.43,4,8.77,5.95,Excellent
8.76,88.79,10,7.72,2.06,Excellent
7.69,64.98,5,5.96,5.96,Excellent
8.19,100.0,7,9.1,3.8,Excellent
3.98,91.2,2,5.29,1.78,Excellent
3.02,68.29,2,6.43,1.38,Good
4.75,94.22,10,6.69,7.87,Excellent
5.11,76.02,10,7.91,3.68,Excellent
7.19,87.79,9,8.67,5.87,Excellent
1.62,82.27,8,8.58,0.58,Excellent
8.06,62.3,3,7.34,9.28,Excellent
4.68,65.35,3,6.58,5.79,Excellent
4.15,90.45,6,4.26,3.49,Excellent
2.98,69.98,1,5.03,3.39,Good
1.69,68.95,7,9.65,5.47,Excellent
6.65,60.67,5,4.25,5.35,Excellent
5.15,81.35,2,5.82,4.37,Excellent
2.42,100.0,8,8.72,4.02,Excellent
2.41,58.99,4,7.31,5.12,Good
4.33,75.36,7,8.39,0.52,Excellent
8.34,96.18,6,7.81,3.26,Excellent
4.48,73.81,7,9.2,0.71,Excellent
1.99,81.79,6,7.44,5.21,Excellent
4.51,59.06,2,8.0,2.65,Excellent
4.45,81.42,1,5.91,0.86,Excellent
0.0,72.19,6,7.88,2.41,Good
4.89,89.79,2,6.41,4.3,Excellent
4.54,92.81,2,6.32,3.59,Excellent
6.39,100.0,1,8.34,1.65,Excellent
8.7,83.69,3,8.35,0.59,Excellent
7.25,79.89,7,9.53,4.15,Excellent
4.46,77.92,0,9.43,2.84,Excellent
2.79,69.7,0,8.38,3.48,Good
10.15,80.08,4,4.42,3.68,Excellent
5.12,70.57,10,9.74,4.86,Excellent
5.03,77.53,4,8.38,5.69,Excellent
4.95,94.76,10,5.85,4.29,Excellent
5.4,59.9,0,8.09,3.36,Excellent
4.71,92.1,5,5.44,4.05,Excellent
3.85,94.76,0,7.93,3.32,Excellent
3.91,73.23,4,5.03,0.71,Excellent
4.93,43.17,8,5.79,6.18,Excellent
3.91,65.88,4,8.06,5.81,Excellent
3.57,94.45,5,8.61,7.98,Excellent
5.21,74.66,7,7.49,8.56,Excellent
4.49,60.01,10,6.57,1.65,Excellent
8.01,67.43,0,3.83,3.33,Excellent
0.0,87.61,1,6.69,9.02,Poor
7.18,83.2,8,7.8,3.92,Excellent
7.49,71.42,2,6.52,4.49,Excellent
0.85,69.5,5,6.97,0.96,Good
4.31,69.12,4,6.72,4.3,Excellent
4.26,61.16,10,6.52,7.86,Excellent
2.18,99.23,1,7.11,6.57,Good
3.44,70.17,6,6.59,2.78,Excellent
2.78,93.26,3,9.16,3.21,Excellent
8.5,97.82,0,3.69,1.74,Excellent
6.87,89.97,3,6.18,2.3,Excellent
7.54,68.53,5,5.69,0.18,Excellent
6.44,81.06,6,7.33,3.83,Excellent
2.74,74.64,6,7.12,7.02,Excellent
3.95,61.44,6,9.43,4.71,Excellent
5.98,79.87,2,9.93,6.73,Excellent
2.56,57.31,5,5.84,6.15,Good
6.43,92.82,7,7.0,2.91,Excellent
4.52,68.03,3,7.29,2.48,Excellent
4.25,78.02,7,5.8,2.56,Excellent
6.42,79.25,1,7.94,0.57,Excellent
5.89,71.12,9,6.64,4.06,Excellent
4.28,83.8,8,5.4,0.0,Excellent
7.32,67.88,8,6.58,5.18,Excellent
2.84,88.07,7,5.5,4.14,Excellent
6.23,54.81,9,8.55,4.94,Excellent
6.19,76.9,9,9.85,6.11,Excellent
4.38,100.0,0,7.37,4.4,Excellent
5.65,60.0,1,7.17,7.26,Excellent
2.5,64.83,5,7.23,5.24,Good
6.85,82.71,9,8.77,2.49,Excellent
4.63,77.69,4,8.74,3.52,Excellent
3.95,80.26,8,6.83,0.0,Excellent
7.1,82.34,4,7.38,2.2,Excellent
3.59,84.52,1,7.98,3.24,Excellent
2.18,91.65,9,5.29,5.09,Excellent
1.89,81.15,3,8.82,2.5,Good
6.21,71.38,8,9.6,1.51,Excellent
2.44,85.09,0,8.75,0.22,Good
8.51,100.0,10,5.13,2.81,Excellent
0.84,73.01,0,4.04,7.9,Poor
8.39,60.38,6,8.06,4.54,Excellent
5.42,91.61,10,5.86,5.88,Excellent
4.81,73.19,2,7.43,2.2,Excellent
3.91,42.41,9,9.3,0.85,Excellent
5.8,87.71,1,6.01,1.56,Excellent
4.92,66.97,8,6.43,3.81,Excellent
7.21,73.64,2,7.42,0.01,Excellent
5.23,79.98,1,5.05,1.99,Excellent
5.3,77.86,7,5.86,2.83,Excellent
4.27,85.64,9,7.04,1.36,Excellent
4.89,68.47,5,6.55,0.0,Excellent
5.62,82.7,5,7.91,4.58,Excellent
1.58,71.11,9,10.0,4.09,Excellent
2.3,86.08,10,7.15,5.56,Excellent
6.49,84.23,6,5.74,1.78,Excellent
5.34,60.97,6,9.13,5.52,Excellent
4.63,91.29,10,4.62,7.06,Excellent
5.04,66.96,5,4.92,4.52,Excellent
5.7,87.12,3,6.11,2.78,Excellent
3.92,80.51,10,6.58,4.29,Excellent
3.44,100.0,8,6.07,2.68,Excellent
5.39,71.65,5,6.95,2.35,Excellent
3.04,69.76,3,7.41,5.37,Good
5.82,74.71,2,8.6,3.72,Excellent
1.59,70.45,3,7.14,6.41,Average
7.06,87.0,2,6.16,3.12,Excellent
5.95,50.76,1,8.52,3.32,Excellent
5.51,59.19,4,5.77,2.87,Excellent
6.97,58.98,1,4.55,1.76,Excellent
8.33,89.25,5,8.81,5.63,Excellent
7.03,100.0,2,8.71,8.37,Excellent
1.32,73.43,5,5.81,3.24,Good
2.44,72.47,10,6.4,2.64,Excellent
3.75,76.05,9,5.62,2.51,Excellent
5.05,92.43,8,7.49,2.64,Excellent
6.04,61.09,0,9.6,7.3,Excellent
3.55,78.58,5,8.05,2.56,Excellent
5.37,89.63,8,8.55,2.83,Excellent
3.49,82.52,10,8.23,1.52,Excellent
3.78,77.84,3,7.0,4.59,Excellent
2.19,90.02,10,8.63,3.87,Excellent
3.15,34.45,1,8.12,1.73,Average
2.3,85.17,3,9.16,2.21,Excellent
3.05,65.19,0,6.31,7.07,Average
7.11,47.54,2,4.39,4.07,Excellent
3.1,82.67,9,8.57,4.2,Excellent
10.26,95.6,8,7.52,4.21,Excellent
5.99,72.94,9,6.56,6.79,Excellent
5.37,89.29,4,6.64,1.91,Excellent
3.28,99.18,10,10.0,3.21,Excellent
6.4,94.72,5,6.04,3.66,Excellent
3.85,99.6,2,5.72,0.56,Excellent
5.24,86.13,4,7.13,2.17,Excellent
10.12,76.13,10,8.77,6.09,Excellent
4.81,50.97,7,10.0,5.52,Excellent
7.3,71.31,5,7.99,5.87,Excellent
3.59,62.35,3,5.09,2.82,Good
4.93,100.0,1,9.96,3.07,Excellent
8.54,72.36,8,6.97,0.42,Excellent
3.75,76.85,0,5.74,5.86,Good
8.62,83.27,0,5.38,6.19,Excellent
6.42,75.65,3,8.25,6.17,Excellent
3.88,100.0,6,7.36,7.21,Excellent
6.26,65.66,0,7.52,4.84,Excellent
6.95,77.92,8,8.93,7.11,Excellent
6.24,63.86,3,5.8,3.6,Excellent
1.86,55.2,2,9.05,0.47,Good
3.55,65.82,0,6.22,5.72,Good
4.5,74.44,9,10.0,0.39,Excellent
4.85,68.56,3,7.9,4.34,Excellent
6.24,64.61,8,5.62,5.91,Excellent
5.36,53.91,9,3.96,4.65,Excellent
2.33,73.75,5,8.21,8.56,Good
5.76,52.43,5,6.44,0.07,Excellent
6.22,86.4,0,6.77,3.83,Excellent
6.12,76.24,9,8.15,4.03,Excellent
7.16,53.14,1,8.52,1.31,Excellent
6.67,70.36,10,8.84,1.69,Excellent
5.92,63.72,5,5.24,2.31,Excellent
4.86,79.79,1,9.14,1.8,Excellent
1.68,95.11,2,6.13,3.78,Good
5.86,46.87,3,3.62,2.79,Excellent
5.42,76.73,10,5.23,4.64,Excellent
5.54,72.6,4,7.33,5.3,Excellent
2.45,85.07,8,5.53,5.16,Excellent
2.84,78.2,3,6.87,3.18,Good
7.11,63.72,10,7.51,4.57,Excellent
4.92,70.21,8,6.73,6.07,Excellent
6.36,63.06,10,6.26,4.89,Excellent
5.06,91.14,9,5.12,7.72,Excellent
5.06,75.32,2,7.03,5.96,Excellent
6.88,100.0,7,3.9,7.44,Excellent
3.97,74.09,0,5.97,0.0,Good
5.19,64.37,10,5.61,4.19,Excellent
4.08,52.29,8,6.64,3.35,Excellent
4.13,47.95,8,6.68,3.75,Excellent
4.38,51.24,9,8.44,2.39,Excellent
5.44,79.01,1,9.38,4.79,Excellent
4.04,82.63,3,5.32,0.38,Excellent
7.51,51.28,7,9.99,4.81,Excellent
3.21,88.43,6,5.83,2.46,Excellent
4.63,67.75,0,7.26,3.0,Excellent
4.12,77.2,4,7.77,4.88,Excellent
7.89,99.18,6,10.0,4.16,Excellent
5.39,88.45,3,6.19,6.11,Excellent
7.06,70.97,0,4.3,2.06,Excellent
2.03,61.63,8,9.24,3.84,Excellent
5.53,42.72,4,5.75,5.78,Excellent
6.78,64.21,10,6.46,4.72,Excellent
5.16,71.83,1,5.32,4.85,Excellent
7.13,60.19,7,6.46,6.22,Excellent
3.97,73.03,10,5.74,3.19,Excellent
7.82,76.15,1,8.01,2.77,Excellent
9.6,71.63,2,7.12,5.15,Excellent
4.27,65.25,9,5.98,3.7,Excellent
4.11,77.53,0,8.49,6.24,Good
7.91,81.63,10,7.38,4.74,Excellent
8.16,58.64,1,4.23,2.75,Excellent
3.95,96.16,6,8.38,4.68,Excellent
4.16,73.52,9,7.28,2.19,Excellent
4.44,75.28,1,9.09,5.89,Excellent
2.31,85.62,5,7.19,1.21,Excellent
3.16,78.5,2,5.81,6.44,Good
2.99,89.3,3,6.69,4.64,Excellent
3.46,79.31,10,8.21,3.67,Excellent
4.93,65.81,7,5.84,5.53,Excellent
5.47,80.42,2,6.34,5.02,Excellent
8.1,57.84,9,6.67,6.66,Excellent
3.0,76.63,5,5.28,6.64,Good
6.97,74.5,0,5.87,4.7,Excellent
4.57,71.88,6,7.26,2.26,Excellent
4.9,73.07,7,8.8,2.92,Excellent
6.35,46.77,10,7.48,3.86,Excellent
2.75,66.77,7,6.93,6.16,Excellent
5.76,76.39,2,5.75,3.09,Excellent
5.33,77.4,9,8.64,3.25,Excellent
5.98,59.58,0,7.65,7.7,Excellent
5.58,93.99,8,5.94,3.79,Excellent
9.91,62.01,5,8.35,2.73,Excellent
3.72,89.54,10,7.84,5.55,Excellent
3.94,81.41,8,5.78,3.89,Excellent
3.75,65.31,6,6.85,1.22,Excellent
3.89,100.0,0,6.26,6.08,Excellent
3.73,57.1,0,10.0,2.51,Good
7.38,88.79,5,7.8,4.09,Excellent
7.84,90.01,4,7.28,3.86,Excellent
3.86,64.94,8,7.71,4.46,Excellent
3.34,95.89,1,9.07,0.0,Excellent
5.94,71.25,7,6.87,3.33,Excellent
3.9,79.33,10,6.12,6.25,Excellent
6.27,78.9,4,8.27,6.53,Excellent
5.41,72.99,1,6.74,2.02,Excellent
1.97,87.16,9,5.4,5.84,Excellent
8.1,86.9,10,5.1,2.48,Excellent
8.59,48.77,10,9.29,3.25,Excellent
3.77,94.57,5,7.2,3.36,Excellent
4.22,50.06,9,6.12,4.22,Excellent
5.57,90.49,7,6.65,6.0,Excellent
5.67,91.9,3,8.21,4.53,Excellent
6.32,58.64,1,6.56,3.75,Excellent
9.02,68.84,10,4.83,5.93,Excellent
4.65,58.41,4,7.49,2.39,Excellent
3.4,71.78,1,8.81,3.85,Good
2.24,70.38,1,8.71,5.99,Good
3.54,86.69,5,6.16,5.06,Excellent
4.93,94.65,10,8.9,3.07,Excellent
8.59,95.94,9,7.32,0.97,Excellent
3.96,66.57,8,8.86,4.62,Excellent
5.45,71.86,3,7.86,0.84,Excellent
4.97,49.75,5,4.72,3.57,Excellent
7.38,62.91,6,9.62,6.36,Excellent
10.05,89.47,10,7.08,5.19,Excellent
3.94,99.23,5,7.87,0.0,Excellent
4.02,56.48,7,4.98,4.4,Excellent
7.09,66.11,3,7.76,3.36,Excellent
6.36,74.6,0,8.65,1.45,Excellent
8.69,79.2,6,9.9,4.67,Excellent
6.17,62.86,2,9.1,3.02,Excellent
4.28,81.36,5,7.83,3.03,Excellent
6.18,67.89,1,4.68,4.25,Excellent
7.22,74.78,8,7.2,2.75,Excellent
6.64,83.19,0,6.11,4.19,Excellent
6.01,75.1,5,7.35,2.81,Excellent
7.13,68.45,5,5.18,2.92,Excellent
7.34,73.36,4,6.68,5.99,Excellent
7.76,73.67,4,6.22,6.19,Excellent
6.3,69.45,0,6.18,0.58,Excellent
4.67,71.12,9,6.19,5.49,Excellent
5.29,98.98,4,6.8,6.8,Excellent
7.41,83.41,1,7.43,7.11,Excellent
3.37,70.57,6,3.25,5.04,Good
5.74,85.45,2,3.44,1.89,Excellent
4.21,69.99,3,6.49,5.26,Excellent
5.06,92.6,2,6.7,2.26,Excellent
7.56,80.54,2,7.28,3.31,Excellent
5.38,73.39,3,5.91,4.77,Excellent
5.09,81.72,4,7.01,2.39,Excellent
2.28,51.44,0,7.19,1.71,Average
6.49,58.1,3,5.9,4.93,Excellent
6.29,57.09,10,8.52,7.73,Excellent
9.33,77.14,7,7.27,6.49,Excellent
4.38,100.0,9,7.82,5.41,Excellent
5.44,100.0,6,7.1,5.96,Excellent
5.5,84.57,8,10.0,5.28,Excellent
8.15,82.51,4,7.89,4.9,Excellent
4.81,47.98,9,6.27,5.8,Excellent
5.56,66.86,3,8.23,1.26,Excellent
6.22,63.18,7,4.54,4.4,Excellent
5.37,65.69,8,7.18,3.84,Excellent
4.11,72.48,6,7.48,4.16,Excellent
5.39,67.92,6,7.2,3.08,Excellent
7.15,45.31,4,6.5,5.04,Excellent
2.95,86.22,3,5.48,2.36,Excellent
5.27,58.91,9,5.82,2.93,Excellent
3.6,78.59,0,7.15,2.69,Good
7.39,100.0,9,5.33,5.73,Excellent
1.95,61.21,9,9.66,3.98,Excellent
3.88,37.05,6,3.04,3.08,Good
5.75,70.71,0,6.51,3.25,Excellent
8.13,91.51,0,7.17,4.01,Excellent
4.87,100.0,4,7.76,7.24,Excellent
3.89,56.56,8,5.63,1.53,Excellent
8.76,82.45,5,8.7,5.35,Excellent
2.1,68.02,2,4.91,4.94,Average
0.6,73.41,2,6.15,2.23,Average
5.88,100.0,6,7.93,6.93,Excellent
4.0,52.46,5,8.56,5.08,Excellent
2.96,78.81,8,4.89,2.98,Excellent
6.42,82.02,5,10.0,0.28,Excellent
5.49,91.29,4,5.65,4.46,Excellent
3.87,76.47,9,5.03,3.91,Excellent
2.44,79.62,6,7.75,1.94,Excellent
6.74,69.13,0,6.48,1.91,Excellent
6.3,79.04,6,6.26,5.74,Excellent
4.8,69.85,2,7.89,0.09,Excellent
8.69,84.32,8,4.71,4.63,Excellent
2.86,69.46,5,4.45,3.63,Good
1.95,80.66,8,6.1,4.99,Excellent
3.62,74.56,4,8.62,3.41,Excellent
4.91,91.89,6,6.17,4.59,Excellent
5.49,74.23,3,9.4,2.51,Excellent
4.52,48.4,6,8.8,3.9,Excellent
5.7,93.93,0,7.42,4.98,Excellent
2.5,61.41,6,7.51,4.3,Good
7.89,65.19,7,7.42,4.76,Excellent
4.84,66.07,4,7.24,2.14,Excellent
7.23,95.62,1,6.45,2.82,Excellent
5.69,42.96,4,6.62,2.85,Excellent
5.91,100.0,5,5.4,3.45,Excellent
6.14,90.84,1,3.68,6.72,Excellent
5.9,78.35,5,8.66,3.29,Excellent
6.29,74.18,5,7.24,1.71,Excellent
7.66,79.28,0,7.01,5.08,Excellent
5.39,82.82,0,7.6,6.69,Excellent
6.42,84.68,10,5.76,1.48,Excellent
4.82,83.33,9,5.5,7.95,Excellent
7.88,76.34,2,6.57,4.83,Excellent
3.65,72.04,9,9.05,6.07,Excellent
8.6,72.73,9,5.25,6.93,Excellent
4.92,72.08,2,3.06,5.95,Good
2.14,92.01,3,6.22,3.78,Good
5.26,83.9,1,8.71,6.44,Excellent
3.64,30.89,8,4.4,4.51,Good
6.68,84.84,9,5.23,6.18,Excellent
3.69,77.92,10,7.4,6.4,Excellent
4.11,74.72,6,10.0,1.82,Excellent
1.22,69.17,6,4.96,5.59,Average
4.1,91.86,5,4.9,3.64,Excellent
0.15,89.21,2,7.51,4.28,Average
1.83,63.41,5,8.81,4.25,Good
6.52,81.11,7,6.06,4.17,Excellent
6.57,60.43,7,4.57,7.05,Excellent
5.85,54.31,10,7.65,1.27,Excellent
3.07,65.6,8,7.92,0.56,Excellent
4.9,87.94,0,9.67,0.13,Excellent
4.99,89.3,0,7.99,6.14,Excellent
2.68,82.7,2,8.24,2.45,Excellent
8.01,85.88,2,6.61,4.26,Excellent
6.75,82.74,9,10.0,3.77,Excellent
4.56,65.38,7,6.4,2.23,Excellent
5.05,81.48,9,6.08,5.7,Excellent
5.42,87.01,0,9.71,3.75,Excellent
0.92,86.31,1,4.79,3.52,Average
4.51,92.83,1,4.23,4.47,Excellent
3.64,85.62,2,7.18,5.44,Excellent
3.0,80.27,5,7.0,2.08,Excellent
4.44,91.05,0,6.66,5.75,Excellent
8.6,74.6,1,8.49,6.9,Excellent
6.28,61.77,0,5.64,1.15,Excellent
3.86,72.55,4,7.1,4.56,Excellent
6.15,63.83,6,6.46,3.39,Excellent
